family,seed,left_epoch,right_epoch,epoch_gap,left_val_accuracy,right_val_accuracy,absolute_accuracy_gap,global_CKA,within_CKA,between_CKA,within_CCA_sum_rho2,within_CCA_spectrum,top1_direction_angle_degrees,top3_mean_angle_degrees,top5_mean_angle_degrees
C1,43,4,8,4,61.044585987261144,65.07006369426752,4.025477707006374,0.7906668167755422,0.6344952013688093,0.934985816962116,5.563930588374612,"[0.9059333919230346, 0.8912971562390923, 0.8748502680894866, 0.8327574860743054, 0.7874315360805986, 0.7458979467135528, 0.7372868434785433, 0.6447145549820061, 0.5952274497757606]",41.67873369706367,31.185594935082992,23.596440520203682
C1,43,4,16,12,61.044585987261144,78.52229299363057,17.477707006369428,0.6781695823273236,0.43828738935007683,0.8916311980787757,4.313143088724096,"[0.8685471710061744, 0.8052598358541037, 0.7657055941666269, 0.7401592368921914, 0.7039158295792768, 0.6388961848061017, 0.602873000197895, 0.5370384436135528, 0.46971562668069683]",37.78579880336929,34.02972597905329,21.419947514658126
C1,43,4,32,28,61.044585987261144,83.13375796178345,22.0891719745223,0.6304242660476338,0.35649403733971163,0.8674303196891333,3.1640439842505828,"[0.7956632713721767, 0.7269303547249689, 0.6999287990219355, 0.6625465358527443, 0.583061098575587, 0.5140230157880552, 0.4737881126313047, 0.42838968031968905, 0.24798219097633104]",42.327966092407266,34.57384760279498,26.1976241835465
C1,43,4,64,60,61.044585987261144,88.61146496815287,27.56687898089173,0.5706883330009909,0.28147416766290384,0.8175375778294657,2.356224715072468,"[0.7281416777867012, 0.6733145222135737, 0.624841979903721, 0.5378860455919185, 0.4754677602195146, 0.4431558491141487, 0.3281227829547562, 0.30830874034419314, 0.26030276746010256]",41.19856389143281,41.48432426137286,33.48175883880949
C1,43,4,100,96,61.044585987261144,89.65605095541402,28.611464968152873,0.5442377330557295,0.24420110918203286,0.8113520793656729,2.120875474632703,"[0.6855297063677266, 0.6442600510782728, 0.5500645470419095, 0.48970019452063807, 0.4628445386908852, 0.4367872053435897, 0.3525386978626982, 0.2887392534245125, 0.28427834383226885]",36.60035718093498,33.95470560250326,27.409942541014317
C1,43,4,150,146,61.044585987261144,87.38853503184713,26.343949044585983,0.5243350074842245,0.2495064012786805,0.7936922255359565,2.246421262707308,"[0.7066633357054173, 0.6708071274488893, 0.5746509612024813, 0.5382988881834522, 0.5017094222055732, 0.41043168320793244, 0.3324807800372709, 0.2792459700980341, 0.26151152630307334]",42.93668697118699,37.471978244968604,28.06866660799137
C1,43,4,200,196,61.044585987261144,85.78343949044586,24.738853503184714,0.4998760104549765,0.2240096725109967,0.7546251295745515,2.145618697027771,"[0.6904362435269037, 0.6178721709464363, 0.5711083322074207, 0.5321023732567942, 0.4692731013861759, 0.4447650054891874, 0.3485248492507189, 0.3235194047203691, 0.18353549714335088]",46.28799080101378,35.97910638757893,32.20067953726577
C1,43,4,250,246,61.044585987261144,90.24203821656052,29.197452229299373,0.4995612187509703,0.21167330281278243,0.7695811677947294,1.9173642210370008,"[0.6253835648306734, 0.6047095220602908, 0.5598832832198625, 0.4736555170005798, 0.4424550512718241, 0.3828051542219785, 0.33177201315021626, 0.30947740155480274, 0.2731519410775434]",27.53414707208098,36.937570538217926,29.7934465201677
C1,43,4,300,296,61.044585987261144,91.28662420382166,30.242038216560516,0.505078254158754,0.2009304775537214,0.7879268218425977,1.7125341565066248,"[0.6203750589662337, 0.5863041673221724, 0.5247582014621613, 0.44763483287406863, 0.41279035513569756, 0.36821179049146974, 0.28529921216455, 0.2481797107249468, 0.24331798796780837]",19.967020561993458,35.28707556714127,24.911893753066224
C1,43,8,16,8,65.07006369426752,78.52229299363057,13.452229299363054,0.7266717931812722,0.5417902543561445,0.8686626847733909,5.247666505880659,"[0.9061561088650171, 0.8665661978722289, 0.8467815754072311, 0.8238858774072914, 0.8132843485679391, 0.7042352622665069, 0.6767571582867822, 0.5990727527049743, 0.55273548008169]",65.59241610449007,20.195040996511235,31.641753200583093
C1,43,8,32,24,65.07006369426752,83.13375796178345,18.063694267515928,0.6555678928976413,0.41436266372284725,0.8485001312756905,3.9529315022321514,"[0.8118503850206715, 0.778690542746739, 0.7626208542444243, 0.7568692785615988, 0.6875041696593874, 0.6185224741204646, 0.5165784006534263, 0.49187134617173744, 0.41110475739680175]",68.48896198705401,35.9182501617208,29.41998243480905
C1,43,8,64,56,65.07006369426752,88.61146496815287,23.541401273885356,0.6223837344004944,0.3417298942388274,0.836883850712926,2.935454481092508,"[0.7472391609940124, 0.713286712960082, 0.6658029754473652, 0.6209073400908532, 0.5586842286360995, 0.5200048604936591, 0.45746916205197896, 0.4077272077694191, 0.2853734797472975]",66.48697050721768,35.7283860499246,24.08342019366765
C1,43,8,100,92,65.07006369426752,89.65605095541402,24.5859872611465,0.591239358516483,0.297584311735273,0.827037777928652,2.673644735536063,"[0.7045208015408558, 0.6609328343509259, 0.6084996763482933, 0.6046212692912659, 0.5347769030089411, 0.49635298101408143, 0.4365365334581157, 0.4209353137324316, 0.3232969651415506]",60.350883646782286,37.745797604346016,27.408000746867298
C1,43,8,150,142,65.07006369426752,87.38853503184713,22.31847133757961,0.5875886659870687,0.3180677747962688,0.8182813830837821,2.820145486188709,"[0.7435783489239443, 0.6996804697268962, 0.6970258718229244, 0.6187713854419624, 0.531674902679404, 0.5004302853057365, 0.4529081554033224, 0.3507450293100694, 0.21841320162442188]",39.36300978430141,38.744530658349596,26.746345552388437
C1,43,8,200,192,65.07006369426752,85.78343949044586,20.71337579617834,0.5584794818380592,0.2750454431045364,0.794715082621748,2.59720418312859,"[0.6804955254285062, 0.6697353189973306, 0.653680222565313, 0.5806245065515967, 0.53412502562574, 0.4990564722582562, 0.4234066959925873, 0.3613833594627803, 0.2773876462571388]",65.44071156655143,48.56357507053946,25.596114808999253
C1,43,8,250,242,65.07006369426752,90.24203821656052,25.171974522293,0.5478611860608068,0.25355230235693205,0.8025271152368852,2.343403127733478,"[0.6503047373784452, 0.6148653636727451, 0.5798504343861569, 0.5659409851170545, 0.49534419249275835, 0.4823843413744753, 0.39292338676961325, 0.3709424699383738, 0.34041755275699553]",34.95919986073333,33.51335928856178,28.2011300602446
C1,43,8,300,292,65.07006369426752,91.28662420382166,26.216560509554142,0.5403803361126518,0.23182076932158457,0.8036877271934645,2.030493317308077,"[0.6280158314024884, 0.5748400183019141, 0.5404674893524898, 0.5310323457725367, 0.4816863272781552, 0.41992996071913646, 0.37973572200875316, 0.31098862150673706, 0.28683077902910575]",46.960178032405736,34.84779258845831,26.288768510245472
C1,43,16,32,16,78.52229299363057,83.13375796178345,4.611464968152873,0.8600116252902379,0.6738938910445224,0.9604572892205825,5.839932047273307,"[0.898494887680788, 0.8884089199029702, 0.8825818162770198, 0.8427807413617704, 0.8234252454801553, 0.7839517361341216, 0.7489384527850539, 0.7314806000840711, 0.6046126039434788]",22.848920414841157,25.692625234239998,20.140475154631954
C1,43,16,64,48,78.52229299363057,88.61146496815287,10.089171974522301,0.7720782918688472,0.5284901428412174,0.9069740533060393,4.7218687649196704,"[0.851958855490891, 0.804167630872554, 0.7818105166094146, 0.751247699899059, 0.7174083481915586, 0.6859189721636952, 0.6550126192347558, 0.6243755518062597, 0.608031717070131]",35.18210325562618,38.4595775723409,20.7721581590482
C1,43,16,100,84,78.52229299363057,89.65605095541402,11.133757961783445,0.7556248858550826,0.49843911701201804,0.8994555673193008,4.403142596602081,"[0.8335646277287567, 0.7743640596664522, 0.7316288932217251, 0.7181410748811793, 0.6845144135905205, 0.6550509777319212, 0.6327825590465883, 0.6236420801790725, 0.608827145605138]",34.02653190329335,40.68501294207335,23.467468616829876
C1,43,16,150,134,78.52229299363057,87.38853503184713,8.866242038216555,0.7359755575312028,0.4978568566646833,0.88258978135911,4.457374740903202,"[0.8374207709461282, 0.8058745916027892, 0.778019875896455, 0.7274207474293257, 0.7118125582296727, 0.6625816559809155, 0.6171088292371156, 0.5889624654500288, 0.5466441283800589]",60.56584760797153,37.34464018046105,23.268642789040804
C1,43,16,200,184,78.52229299363057,85.78343949044586,7.261146496815286,0.7006892251126524,0.43092301047869347,0.8625380230978993,3.953758631671328,"[0.7943116116132998, 0.7624359221230478, 0.7440155893654794, 0.6924845854269847, 0.6574158652444367, 0.6140737562991587, 0.5802782897914361, 0.5527477940176351, 0.5068430193522033]",35.95345961784542,45.35816013692644,32.24863120832777
C1,43,16,250,234,78.52229299363057,90.24203821656052,11.719745222929944,0.6940231376430497,0.4114238667939233,0.8622411623501485,3.5860848239003045,"[0.7749425392897792, 0.7505414217920043, 0.6831258337741541, 0.6491360060880693, 0.6150829124920322, 0.6094171214731007, 0.5468038101205558, 0.5077307252945527, 0.4771759490476408]",40.99121376901989,37.47463524139339,24.543345911732853
C1,43,16,300,284,78.52229299363057,91.28662420382166,12.764331210191088,0.6740691186721512,0.36668388146193415,0.8597575419861061,3.197584822304413,"[0.7481849710259842, 0.6993766931061227, 0.6448635464960577, 0.6103644203488098, 0.5855962003885208, 0.5520445498777655, 0.5137385575808124, 0.4932433074696007, 0.4531999917034536]",39.51167828757279,36.45714954519238,24.01910182018794
C1,43,32,64,32,83.13375796178345,88.61146496815287,5.477707006369428,0.8280674205226694,0.6261765578654683,0.9438351840175263,5.725762970948455,"[0.8927134322814749, 0.8669085901196375, 0.8534477002694449, 0.8345755917403009, 0.8120478829481494, 0.7857807151653539, 0.7288191595823171, 0.6961314857552016, 0.6780533093829885]",18.882577711158806,38.9477627760371,15.848426653108802
C1,43,32,100,68,83.13375796178345,89.65605095541402,6.522292993630572,0.8223056151256485,0.6216978356999052,0.9337999045385121,5.6166530302711415,"[0.8790958109711354, 0.8364020103350072, 0.825185185437644, 0.8208219447933458, 0.7983460297696608, 0.7720089813028922, 0.7350252248916856, 0.7270938706709803, 0.6980789201343363]",18.681436732655747,37.69553593443826,17.03492438860236
C1,43,32,150,118,83.13375796178345,87.38853503184713,4.254777070063682,0.7924348451930021,0.5772663723322379,0.9205571074146113,5.317907221157831,"[0.874402079699137, 0.8470096592018606, 0.8274015436458237, 0.7983804970546151, 0.7825891821646043, 0.7734565176718404, 0.7413690996448258, 0.629079618887599, 0.5982039847005997]",67.58920384834134,40.29937794135606,24.676858021936326
C1,43,32,200,168,83.13375796178345,85.78343949044586,2.6496815286624127,0.7621514059339716,0.5321508816825228,0.8974680802058174,4.747373243937326,"[0.819410291478706, 0.8142145592490629, 0.7964425121635913, 0.7547170889190198, 0.7328583140775233, 0.7279058206870758, 0.6918544003019989, 0.6082521856022148, 0.5417699561302066]",27.112805023823746,45.52573529183642,20.72472221832956
C1,43,32,250,218,83.13375796178345,90.24203821656052,7.108280254777071,0.7563991282817811,0.5014150192489963,0.9021252720604869,4.384856190635621,"[0.8316011967587488, 0.7891696091910473, 0.745994334167706, 0.7282621372463399, 0.7173841004125481, 0.6661055638774745, 0.6409982463920008, 0.5624922224855948, 0.5459128675619482]",43.47501826251017,38.617855954222314,24.98793418243095
C1,43,32,300,268,83.13375796178345,91.28662420382166,8.152866242038215,0.7435456327911015,0.46639290918884946,0.9064931868969971,4.137651421613878,"[0.7926297729451964, 0.7595310563431094, 0.737074888881431, 0.6976636869613998, 0.675045407456511, 0.6489072627514089, 0.6154075363889436, 0.6015436223397692, 0.53398494733399]",35.34160204651997,39.33853461227526,21.860183862726416
C1,43,64,100,36,88.61146496815287,89.65605095541402,1.0445859872611436,0.9552540741041285,0.8825344509838543,0.9923560237615783,8.005533744254533,"[0.9665489915814443, 0.9594909383294214, 0.9557620328124314, 0.9513028857619217, 0.9506149905315439, 0.9402744062249558, 0.9308863771722888, 0.9270525042811096, 0.90469612270786]",12.82744326348851,10.843432998443612,12.028948276876154
C1,43,64,150,86,88.61146496815287,87.38853503184713,1.2229299363057464,0.8917859908958424,0.7515567161184448,0.9706431517219203,6.720925985195975,"[0.9374789219039433, 0.9119006500135368, 0.8939878099723544, 0.8858008618917889, 0.8756665552535955, 0.8603877461392023, 0.8343788335886609, 0.8274353317032613, 0.7339910310020327]",71.45700620229285,25.45542596544136,17.929393609297144
C1,43,64,200,136,88.61146496815287,85.78343949044586,2.8280254777070155,0.8554664795169267,0.6860138496294178,0.9460956089944959,6.209385795646383,"[0.8943330509218695, 0.8879001236644726, 0.8790067420733293, 0.8448150035882982, 0.829341208272511, 0.8062552718074022, 0.798351945053484, 0.7754189174817818, 0.7472132147908502]",34.918459987474634,37.271792719148216,16.935412139715556
C1,43,64,250,186,88.61146496815287,90.24203821656052,1.630573248407643,0.8685119372765687,0.6714624470626771,0.9719302361990786,6.025311488330942,"[0.8963545963880006, 0.8719918940416407, 0.8489603585205145, 0.8309735052688673, 0.8244336769531031, 0.8036166975205181, 0.7787442787745205, 0.7656450972481011, 0.7294474997560215]",48.65037853862668,21.11219097218736,18.010052090439032
C1,43,64,300,236,88.61146496815287,91.28662420382166,2.6751592356687866,0.8695578402560058,0.674385542895347,0.9735528764406695,6.010332579667245,"[0.8760123812258758, 0.8653303695535303, 0.8432257812169861, 0.8341310953401733, 0.8217891024593691, 0.811730375465675, 0.7937240129472012, 0.7682252082895993, 0.7300154286430828]",31.88289260088773,19.37743664170625,16.80509245761486
C1,43,100,150,50,89.65605095541402,87.38853503184713,2.26751592356689,0.9193836398575386,0.8043185153477047,0.9817742906853685,7.14990155671724,"[0.9422474488494411, 0.9234226869856447, 0.9126865788917019, 0.9072520388049775, 0.897493624195946, 0.8880542314683597, 0.8786673824768957, 0.844215219704328, 0.821199098939402]",62.72202136970819,19.434291509707435,11.722678876949242
C1,43,100,200,100,89.65605095541402,85.78343949044586,3.872611464968159,0.880429149662127,0.7231554528873092,0.963917220145646,6.412464644445075,"[0.9044198488013687, 0.8935664668823302, 0.877374850767888, 0.8657703189060988, 0.8476553298235657, 0.8300475423131554, 0.8112024934619559, 0.7892686176843594, 0.7669358252195493]",24.50654314885485,38.15493339503946,15.297543857990235
C1,43,100,250,150,89.65605095541402,90.24203821656052,0.5859872611464993,0.9119298415129288,0.7671705265273234,0.9846157403526986,6.792375548955903,"[0.9163382935677129, 0.9066352054095499, 0.887138893274707, 0.8792257161650014, 0.866994035835905, 0.8590416901373463, 0.8539450109643217, 0.8422171646731345, 0.8015459383546263]",38.68928503302288,17.66174475612773,12.811357190218127
C1,43,100,300,200,89.65605095541402,91.28662420382166,1.630573248407643,0.9211781024246026,0.7864388474237911,0.9898210710066723,6.918993188008736,"[0.9181959114454392, 0.9119268057056028, 0.8980532639014441, 0.8846964532886541, 0.8740261096315357, 0.8684921720172812, 0.8609190693397312, 0.8460396691256061, 0.8245886363052455]",25.95820430494272,14.138582399855474,7.809594254991472
C1,43,150,200,50,87.38853503184713,85.78343949044586,1.605095541401269,0.8494011501245213,0.6485253573355004,0.9645102203770024,5.638444761952111,"[0.8779376647951155, 0.8654226168173742, 0.836479340151615, 0.8187426494668064, 0.8081330441958358, 0.7905651489539144, 0.7672538671555177, 0.7094228440348472, 0.6153414988975081]",60.2594271792708,30.650843764891153,23.06517544823381
C1,43,150,250,100,87.38853503184713,90.24203821656052,2.8535031847133894,0.8656307085720977,0.684312567698734,0.9684500441871375,5.934190224888102,"[0.8899839467982141, 0.8848108116444975, 0.8522587769018012, 0.824225599564443, 0.8180643039931791, 0.7996011362096279, 0.7920509025111677, 0.7229279051517841, 0.7035447352028058]",38.02946722742655,20.322693105961754,14.989458734232613
C1,43,150,300,150,87.38853503184713,91.28662420382166,3.898089171974533,0.8752446614916394,0.6849119997058726,0.9826017567349118,5.968402047931713,"[0.8804259485285374, 0.8647564707712736, 0.8363916629760365, 0.8235558620201944, 0.8218748626168756, 0.7991829447986626, 0.787658509458696, 0.7686857888354548, 0.7363407723643001]",52.95123424339427,9.42463377651543,8.920955514896033
C1,43,200,250,50,85.78343949044586,90.24203821656052,4.4585987261146585,0.8716265062213919,0.6893779173135755,0.9715548050778966,6.115385804815052,"[0.8882520781809325, 0.8828122015289421, 0.8727644070000772, 0.8464894497640189, 0.8453250019279241, 0.8162305518236193, 0.7844841560374466, 0.7669085470891378, 0.6959912250014717]",36.448809047591666,37.432058061754304,23.07809151713787
C1,43,200,300,100,85.78343949044586,91.28662420382166,5.503184713375802,0.8672292546450512,0.6819820929815131,0.9685437838663752,6.022576741930318,"[0.8761447791676014, 0.8752411288338126, 0.858013116878905, 0.8527843946381807, 0.8262374039541763, 0.8091975811639521, 0.7912678650283907, 0.7547350204328667, 0.7016220802125662]",38.909036162514624,29.905876542707336,18.373348100238786
C1,43,250,300,50,90.24203821656052,91.28662420382166,1.0445859872611436,0.9453975245494473,0.8633789816434715,0.985478001184709,7.7423534604495465,"[0.9594572545600097, 0.9506012254238723, 0.9413552504878432, 0.9367809196051755, 0.9298097487147988, 0.9180664846111751, 0.9131934951382948, 0.905710872810745, 0.890403034993201]",26.49360229755989,15.93540082548182,13.422064345576837
C1,44,4,8,4,65.2484076433121,72.0,6.751592356687894,0.8005214617731918,0.60823681858848,0.9569397793500554,5.310727178281504,"[0.9151669347251497, 0.8832817034173602, 0.8561874512143347, 0.8315687078598197, 0.8165494204171229, 0.735531241767209, 0.6781991510429227, 0.5813941390426262, 0.5125565605659981]",34.755720529151475,21.74948450122911,23.300978458227714
C1,44,4,16,12,65.2484076433121,76.53503184713375,11.286624203821646,0.7166228757742851,0.4485776799778194,0.9304688135240192,4.044067083289748,"[0.838467670770853, 0.8057922114610213, 0.7588952977106301, 0.6931295017344321, 0.6825216164235872, 0.5995733042755873, 0.5877707300092316, 0.5246382647518854, 0.4351364582126051]",24.659287290515934,37.338091157001195,25.21231240045633
C1,44,4,32,28,65.2484076433121,77.4267515923567,12.178343949044589,0.5740565719274647,0.34640990493717305,0.7796534215114549,3.2786862361846607,"[0.7874424824744959, 0.7097011869881646, 0.6858607114707594, 0.6538333182397043, 0.6213559674480804, 0.5454955971532423, 0.5017199809166536, 0.45026029082557406, 0.3448708759012356]",42.6781299484433,45.11790027335979,31.60559979143638
C1,44,4,64,60,65.2484076433121,87.92356687898089,22.675159235668787,0.6388253425552244,0.33855653814547826,0.8840215585154226,2.7009637701319966,"[0.7133670851435593, 0.6632374294329375, 0.6342344392444157, 0.5951991589385959, 0.5616351107799826, 0.4831389461974476, 0.46623810119729564, 0.38195969534280855, 0.28903893608305264]",24.89542578312231,27.41044060285631,25.748270317412118
C1,44,4,100,96,65.2484076433121,90.06369426751593,24.81528662420382,0.5990637603132779,0.2873968325515303,0.8592622630966757,2.3053720166220493,"[0.6678121332382493, 0.6298232399310971, 0.5659540772523763, 0.5606856952610155, 0.508744676511898, 0.4499298687242929, 0.4140795073526182, 0.3419404740441329, 0.28001077209142894]",26.823236100539347,29.12081524714962,24.90593893785641
C1,44,4,150,146,65.2484076433121,87.59235668789809,22.343949044585983,0.5949802722723138,0.2967640585268797,0.855272585368959,2.4157142253531765,"[0.6878351893009673, 0.6412143361571874, 0.6009165108908212, 0.5819437256171134, 0.5139613500276734, 0.496087493972125, 0.42338409996066323, 0.30724173136914873, 0.21856658340338095]",32.35224238486815,30.123708286774207,27.37746688032741
C1,44,4,200,196,65.2484076433121,87.38853503184713,22.14012738853502,0.6217060936748151,0.309098685720638,0.8899864756899097,2.5043512258090175,"[0.6999314529637815, 0.6488836807233532, 0.5795130348724266, 0.5738427047091943, 0.5246728508669019, 0.49988664339881606, 0.4095292920681189, 0.37091746290620287, 0.31273644891665625]",27.725003738843885,35.96324822999363,22.137442447691832
C1,44,4,250,246,65.2484076433121,89.55414012738854,24.30573248407643,0.5707257556958112,0.26813449611926277,0.834041350852204,2.10516050592695,"[0.6573361614697435, 0.5943684079226434, 0.5754715426692286, 0.5460443030847532, 0.4386702702187534, 0.42083226141397556, 0.3869801244860967, 0.33977417539359683, 0.23607729630142651]",34.713685411942315,40.11494160199706,26.498239331498887
C1,44,4,300,296,65.2484076433121,91.03184713375796,25.783439490445858,0.5406906043459168,0.22679155983041416,0.8216191510597564,1.8639606679717484,"[0.6018788499866335, 0.5673777398270871, 0.5254261879858356, 0.5079579660790403, 0.4536635619808606, 0.3926636007506792, 0.35875847357674406, 0.3052285476579969, 0.25263333992678694]",20.81106171479552,39.85487348648368,26.432073361264134
C1,44,8,16,8,72.0,76.53503184713375,4.535031847133752,0.7828673775733486,0.5319968852192678,0.9574038927504924,4.755158027488156,"[0.8711102048785915, 0.8415801799401584, 0.8292548146057995, 0.7796016326755313, 0.7242593217441453, 0.7014464953604878, 0.6143950887592985, 0.5911203605584044, 0.4991414921784485]",19.123382326111887,36.64033402241173,17.964050839732586
C1,44,8,32,24,72.0,77.4267515923567,5.426751592356695,0.712857245173469,0.4615509484715668,0.8793538341509777,4.187998208934365,"[0.8027489626511578, 0.7772380190923994, 0.7593109620758727, 0.7076857192341646, 0.6956443298826536, 0.6595768274894009, 0.6062103285105033, 0.5542522841824251, 0.5181428155098721]",25.746015905450527,44.218849332239444,22.5347627337491
C1,44,8,64,56,72.0,87.92356687898089,15.923566878980893,0.7112749661484215,0.4000963092885274,0.9136346055608601,3.3701993207822287,"[0.7682477363206935, 0.7351769634075911, 0.654370198964315, 0.6452167488168329, 0.6299702531908351, 0.5800235608914518, 0.5144128304033961, 0.4736108031617391, 0.41567650234181586]",32.64647701315748,35.559241471530164,27.192594803673263
C1,44,8,100,92,72.0,90.06369426751593,18.063694267515928,0.6812624283018615,0.35353594066277133,0.9044628945814992,2.9966279467337973,"[0.7358588071448621, 0.6766710191130848, 0.6466399046211961, 0.5926864919556885, 0.5727479400474609, 0.5552376735454477, 0.4573890431836192, 0.4510804249175779, 0.42288093721203274]",25.402503015645415,34.033208787625306,26.929691282333483
C1,44,8,150,142,72.0,87.59235668789809,15.59235668789809,0.6869597525236844,0.3653924217509284,0.9089661766301284,2.9922358783935996,"[0.7512604467852451, 0.6981203857451311, 0.6615317127847996, 0.5859898704551784, 0.5792004026787911, 0.5557509852413883, 0.5056985447946059, 0.3875518303703229, 0.330459540200943]",31.505383411020162,35.09869169364425,22.170183794880852
C1,44,8,200,192,72.0,87.38853503184713,15.388535031847127,0.6634149365559031,0.34868545950699453,0.8917362323336135,2.8781199790792993,"[0.7546210296641388, 0.6651364744700666, 0.6271464593400383, 0.6156029040833694, 0.5633262394782795, 0.5448025277414016, 0.47132611333501734, 0.3806562581458787, 0.33583804984480886]",25.444024926621402,40.42484172133257,23.89514807668859
C1,44,8,250,242,72.0,89.55414012738854,17.554140127388536,0.6436840400966478,0.319968058482723,0.8768342445305332,2.6547460330848915,"[0.7035908136219917, 0.6612896543168528, 0.630213510386041, 0.564579556198966, 0.5097729850172044, 0.4905915830437663, 0.4640429488843536, 0.408747031035232, 0.3514601795624525]",34.741114570003305,44.84793336898247,29.310642065598756
C1,44,8,300,292,72.0,91.03184713375796,19.031847133757964,0.6149241407331789,0.2752230722521546,0.8658606842088483,2.306953546149761,"[0.6745575633893242, 0.6148109407764979, 0.5605670225834763, 0.5410921046829978, 0.5016510970958614, 0.45946987364095804, 0.4012826508154171, 0.3602749897440778, 0.33663759784892433]",31.69592711035581,42.291961171253156,27.825201190705393
C1,44,16,32,16,76.53503184713375,77.4267515923567,0.8917197452229431,0.740424662028633,0.5235163598063938,0.8877911484250025,5.364779117997595,"[0.8709512515111579, 0.8493762978498547, 0.8438228028624274, 0.820281238782871, 0.7746843142172263, 0.7436993750177068, 0.7186336753032617, 0.6956897860102228, 0.5884229109026]",26.6245941132405,48.62252174272847,18.280206703897505
C1,44,16,64,48,76.53503184713375,87.92356687898089,11.388535031847141,0.763633245704104,0.4792788000399775,0.9298341104068134,4.324255275824261,"[0.814117953258935, 0.7746005517450899, 0.7385753911017023, 0.716556684880931, 0.6978442948226828, 0.6968488940593502, 0.6244222391317833, 0.5973892280155082, 0.532120348054593]",27.893368302151412,37.63336423970318,22.07027303056325
C1,44,16,100,84,76.53503184713375,90.06369426751593,13.528662420382176,0.7485206737551857,0.4598883975873317,0.9199764471230155,4.159042055401471,"[0.7728599436354187, 0.7458746204255241, 0.7292857781721203, 0.7040355182843007, 0.6810440748561317, 0.665705936201772, 0.6295071573498722, 0.5893894419062785, 0.5720421798296145]",19.776173467025263,39.50026015164829,23.168058870129535
C1,44,16,150,134,76.53503184713375,87.59235668789809,11.057324840764338,0.7225479035732323,0.43595008619876036,0.9041216214105166,4.139562396783772,"[0.772483347918847, 0.7590390110742707, 0.748519821349441, 0.7351588392144891, 0.7064916594401256, 0.6769541053887491, 0.5996933251545562, 0.5491691350735728, 0.49732792300204903]",33.199920774336114,35.74299566977118,20.93553444693594
C1,44,16,200,184,76.53503184713375,87.38853503184713,10.853503184713375,0.7562450740957556,0.4802431589646033,0.9243536625131612,3.9263679552308703,"[0.8082611778777704, 0.7304244231953075, 0.7122461525255678, 0.6821178438799024, 0.674844076133628, 0.6379185065759151, 0.606782999877471, 0.5961688730728919, 0.42547052606904545]",17.51551343893909,39.51690953911024,19.550672182773592
C1,44,16,250,234,76.53503184713375,89.55414012738854,13.019108280254784,0.6886894501145117,0.37749459706252025,0.8857971688813572,3.2906511557128937,"[0.739866287491103, 0.698414920727324, 0.6716202599180787, 0.6393526600095604, 0.5941738655734661, 0.5499573282093906, 0.5465254209744157, 0.5243232958867092, 0.40806792779665235]",24.78014637476133,33.06504738520028,22.656534608400804
C1,44,16,300,284,76.53503184713375,91.03184713375796,14.496815286624212,0.6674749479824776,0.3478731734403983,0.8718997690661551,3.1121225199975813,"[0.7031034048214282, 0.6592549941403699, 0.6334151662614604, 0.6259959027913224, 0.5787823703818444, 0.5553505154804972, 0.536696627867899, 0.5015318563494611, 0.4550655239173035]",25.471184927967702,44.70690915766872,24.19963370563611
C1,44,32,64,32,77.4267515923567,87.92356687898089,10.496815286624198,0.8338511445871267,0.6686955216599918,0.9242096636257799,6.067404974358342,"[0.8997103304794799, 0.8967900116065779, 0.8586389480693521, 0.8473586865996636, 0.8310337043531374, 0.8225808442130025, 0.7731028277009605, 0.7438188238702044, 0.6929687552783474]",38.36268255578553,40.56075180638379,23.142683099879843
C1,44,32,100,68,77.4267515923567,90.06369426751593,12.636942675159233,0.8361565213295561,0.6403072138544287,0.9479233981538678,5.867891392939782,"[0.8805185123688682, 0.8574670809544297, 0.8477048728550818, 0.8274134370306523, 0.814068499974543, 0.7965671403015304, 0.769934258437763, 0.7473462453513009, 0.7110276335966864]",29.672230077369072,34.18589820504383,22.942272140636266
C1,44,32,150,118,77.4267515923567,87.59235668789809,10.165605095541395,0.8161858493645822,0.5921790235761296,0.9474920599283645,5.300635511809522,"[0.8645825028800584, 0.8412032125589335, 0.8270341187583669, 0.8007044467496716, 0.7869280657198273, 0.7506297279872071, 0.7106521131067989, 0.69181766125394, 0.595027601567231]",33.74849651788596,22.904831223442926,22.80855954576581
C1,44,32,200,168,77.4267515923567,87.38853503184713,9.961783439490432,0.7342567429799163,0.5055990555298826,0.8838309949506434,4.813918576447678,"[0.8428537631997424, 0.8172836361412689, 0.7890799406951905, 0.7758202494773975, 0.7371681410850088, 0.7138028111666354, 0.7008358448623307, 0.5907850597372912, 0.5638174938611867]",35.57138495870836,47.297308827389735,19.899054113365573
C1,44,32,250,218,77.4267515923567,89.55414012738854,12.127388535031841,0.7632569159193168,0.5171400132811582,0.9072485587811936,4.581752394640758,"[0.8186054504835336, 0.7873223346330155, 0.775932906923596, 0.7532783919701213, 0.7168124685345774, 0.6906777700208476, 0.655106411547635, 0.6267441314981824, 0.5562664170571487]",25.712192807222742,48.74186485768117,20.95653351503348
C1,44,32,300,268,77.4267515923567,91.03184713375796,13.605095541401269,0.7540248773023668,0.4782404601639087,0.9217540219099316,4.306388364939749,"[0.7987817594359296, 0.7693724397173661, 0.7445188233409296, 0.7095687403391262, 0.6922316844055888, 0.6552853750154415, 0.6237225608813997, 0.6177765356145419, 0.5825330296623853]",35.115210513237805,46.08267063797749,22.76616522586468
C1,44,64,100,36,87.92356687898089,90.06369426751593,2.140127388535035,0.9502013117701408,0.8806783248874925,0.9837603197718084,7.9532405371652555,"[0.9659671981440661, 0.9552723736318333, 0.9536972375444849, 0.9488021317992451, 0.9445224852107754, 0.9403168333301275, 0.9281613431636421, 0.9142952155579175, 0.9078000897751738]",14.917360099738273,11.757559965245486,7.862043429832843
C1,44,64,150,86,87.92356687898089,87.59235668789809,0.33121019108280336,0.8901653123430571,0.7348441134176821,0.9705860459568438,6.616356670123299,"[0.9212846054209959, 0.9010505425252622, 0.8954529453454622, 0.8804446584021186, 0.8752010587817618, 0.864333628443846, 0.8134002391617774, 0.7969011943281091, 0.7542940506024153]",15.160811492246268,22.45135386297474,14.54463123765546
C1,44,64,200,136,87.92356687898089,87.38853503184713,0.5350318471337658,0.8554533753414221,0.6639747940792314,0.9608761087868758,5.941244607726073,"[0.885899134005193, 0.8695296098442489, 0.863785077937668, 0.8443885006187649, 0.8346088789828923, 0.7993497193596417, 0.7744123701755762, 0.7508759570497853, 0.664957000249068]",19.575128966749435,23.906605616365322,11.637033952584314
C1,44,64,250,186,87.92356687898089,89.55414012738854,1.630573248407643,0.8798504019619917,0.7053985859395862,0.9697566700347796,6.198007670653343,"[0.8882047162199587, 0.8791810617302076, 0.8565913302737902, 0.8454041482584574, 0.8398897324196807, 0.8173069693834537, 0.8062893041437292, 0.7956042601903413, 0.7288276934939514]",28.536239397702985,26.53393865570754,9.273480921215164
C1,44,64,300,236,87.92356687898089,91.03184713375796,3.108280254777071,0.8644668409019215,0.688087715373465,0.9575149778766422,6.117342165485939,"[0.885063487497454, 0.8596450243286284, 0.8547167300151529, 0.8440705304781623, 0.8205412779277463, 0.806797681004605, 0.798539437065301, 0.7874316826006575, 0.7550464208065311]",24.775398076740974,25.551643656591935,9.8328607464989
C1,44,100,150,50,90.06369426751593,87.59235668789809,2.4713375796178383,0.9190811716716776,0.7984161688848938,0.9833208480201998,7.170494519097723,"[0.9414115067225268, 0.9222125092387303, 0.9166681472683271, 0.9115639891426777, 0.9013737486454482, 0.8919529728545983, 0.8687607347354348, 0.8465645347747776, 0.8264757208205811]",22.094428973021248,17.917150799265062,15.628616907150535
C1,44,100,200,100,90.06369426751593,87.38853503184713,2.6751592356688008,0.8781669725216801,0.7156993845261318,0.9680533810215874,6.413979930812734,"[0.8987931489923684, 0.8793328441357471, 0.8738196936996687, 0.8637709346143906, 0.8592483530055486, 0.8342902309493019, 0.8278727066925933, 0.7949232985253116, 0.7560683038946844]",12.815644273941777,20.45411438003504,11.560996077607536
C1,44,100,250,150,90.06369426751593,89.55414012738854,0.509554140127392,0.9070691342784615,0.7607823461980016,0.9828904044823883,6.710579056986116,"[0.9235209756090056, 0.8932843516606138, 0.8866357730837938, 0.8775383436771905, 0.868577452294862, 0.8597157101099121, 0.8577209143350694, 0.8231369910793832, 0.7725005029921653]",17.81183787533653,24.242978813838572,8.300927196693175
C1,44,100,300,200,90.06369426751593,91.03184713375796,0.9681528662420362,0.9173884408686754,0.7895473258751294,0.9844145125925049,6.968746442015316,"[0.9252879840163027, 0.9099522700742717, 0.896226216497115, 0.8872775998377872, 0.8785313947152656, 0.8657147879049745, 0.8619821924836312, 0.8532601479430518, 0.8377032880453634]",18.226569874816015,18.743139465273998,7.8081203899509175
C1,44,150,200,50,87.59235668789809,87.38853503184713,0.20382165605096247,0.8147615819320851,0.6119502751413803,0.9356708083145924,5.539919059820654,"[0.8743681520797444, 0.8605130145442987, 0.8345987593937327, 0.8003981388562289, 0.7789699507639911, 0.7656958366899199, 0.7537417073110638, 0.7117947554653808, 0.6556384999505189]",28.843297906053316,29.721308693591684,13.742313855016132
C1,44,150,250,100,87.59235668789809,89.55414012738854,1.9617834394904463,0.8546054949891192,0.6585152683765475,0.9630326108759624,5.852493143550225,"[0.8831595080700907, 0.8725195271352538, 0.8532411050586185, 0.8337768735044774, 0.8257609163937314, 0.7948876144713968, 0.7808256213059251, 0.7410319199870721, 0.6445800768405633]",32.264379766868615,32.34001261606091,17.71304195866263
C1,44,150,300,150,87.59235668789809,91.03184713375796,3.4394904458598745,0.8566960652679364,0.6719466845195845,0.9620678842459582,5.951499470722552,"[0.8874695147143683, 0.8614378801150461, 0.8460274833386602, 0.8272244997051099, 0.8168116355971825, 0.7965977893884989, 0.7796977336165645, 0.7642479472006136, 0.7266405354015338]",30.10782649286443,30.3120186845946,15.339977709405593
C1,44,200,250,50,87.38853503184713,89.55414012738854,2.165605095541409,0.8549351432883876,0.6657747086251868,0.9638738766224233,5.963316029510016,"[0.8856634502625335, 0.8684306889376658, 0.8518484260680677, 0.8349034667156845, 0.8294754646938555, 0.8037383275454546, 0.7931808741337285, 0.766401134163686, 0.6719400553086841]",23.6129218765218,16.2222812126851,12.755772369430614
C1,44,200,300,100,87.38853503184713,91.03184713375796,3.643312101910837,0.8617926928181013,0.6891063568440535,0.9602183193409438,6.171238365340292,"[0.8886456110807399, 0.8629811073167941, 0.8551861769048548, 0.8491347518810538, 0.8289814634550069, 0.8150852822417342, 0.808173050980414, 0.7997122695807188, 0.7349694205286654]",24.953343843311107,8.602374791156175,12.978032968189922
C1,44,250,300,50,89.55414012738854,91.03184713375796,1.4777070063694282,0.9386925402987502,0.8494197387470298,0.9851554361184027,7.644670750786877,"[0.9561428795743552, 0.9469541259908874, 0.9440699874502548, 0.9362776163952308, 0.9212281527945474, 0.9196409146962201, 0.914250135276965, 0.900678958322675, 0.8511045143953769]",24.229092016387302,17.04688483506008,9.431068402704023
C100,43,4,8,4,41.01910828025478,57.70700636942675,16.687898089171973,0.6275343660566363,0.5215028689730248,0.7629072101846687,4.997328118777895,"[0.9240666324588702, 0.8896070452169238, 0.8509617049863394, 0.8181501767932885, 0.7472522028048134, 0.6665954895415371, 0.6276151025161614, 0.586030155808293, 0.46739200444322276]",67.41996142375092,14.670380908563097,19.67018871762823
C100,43,4,16,12,41.01910828025478,61.70700636942675,20.687898089171973,0.5511463993080802,0.40200098338356616,0.7371460227679164,3.7804700366021255,"[0.8755037966759, 0.836167502429525, 0.7577221277836342, 0.7378756123950175, 0.7061620534924647, 0.5873287864402463, 0.4532406462328671, 0.35057272634705644, 0.15567766428951002]",54.03840409962819,37.45799558781494,22.165460777802974
C100,43,4,32,28,41.01910828025478,77.04458598726114,36.02547770700637,0.514711260814235,0.3696037633476931,0.6930747408087464,2.670878054212805,"[0.8200954066825883, 0.7210675304558225, 0.660700175511576, 0.5888191256148823, 0.5472945351743609, 0.46180159422690986, 0.29842866296205217, 0.26691613905469863, 0.14850790293767005]",67.34152220961958,19.974610434976167,27.20710057744905
C100,43,4,64,60,41.01910828025478,79.7452229299363,38.72611464968153,0.44932254408573885,0.28497764801896047,0.6517347260271558,2.197258216918046,"[0.7539577119058457, 0.6701654575404781, 0.5977087382513396, 0.5311625678827959, 0.49765336055836346, 0.3620913645990328, 0.30179722325865427, 0.23839975778418293, 0.1166610634403847]",85.11222466837036,29.489023479239915,31.84852516497366
C100,43,4,100,96,41.01910828025478,82.24203821656052,41.22292993630574,0.44880771229757915,0.26590410437326,0.6612902811344235,2.0014555665731892,"[0.728443117715243, 0.6466181833900885, 0.5651295503998979, 0.48329441314080523, 0.4634391902064668, 0.3827093003800842, 0.26162581583968453, 0.22365702887071354, 0.14160999800080115]",70.49939323382554,41.4753987034682,28.647287060951726
C100,43,4,150,146,41.01910828025478,79.82165605095541,38.802547770700635,0.44442861113780424,0.26698397093780096,0.6620683894027339,1.9206745437425692,"[0.7394474032433378, 0.6379952262388576, 0.5564990473476024, 0.49634024439100016, 0.42158850390438407, 0.35201652704378134, 0.24465965740821108, 0.18638212674060745, 0.12066564509842334]",80.87177845762687,25.40996220240713,27.86208917609464
C100,43,4,200,196,41.01910828025478,79.49044585987261,38.47133757961783,0.4277697263836227,0.23368539453260326,0.6703918304308906,1.815930225694371,"[0.7143427467036636, 0.6319326360295151, 0.5248519463523859, 0.45481929998182474, 0.4104795128065334, 0.36898155825415785, 0.26129767941724147, 0.1869275746410558, 0.12695051014313224]",56.56872314137687,30.306055705790403,29.837385683941147
C100,43,4,250,246,41.01910828025478,79.71974522292993,38.70063694267515,0.42950205915144934,0.2212076584346908,0.6962622956711336,1.6895568069955926,"[0.6972020858748649, 0.5997302098066982, 0.4830588783662536, 0.4569614171889431, 0.40458555409539776, 0.32344467939961247, 0.27297629948242746, 0.1912492136949895, 0.14910353480747512]",72.9026765016651,40.063872181349,27.53584652710302
C100,43,4,300,296,41.01910828025478,80.68789808917198,39.668789808917204,0.4188308080778889,0.21632377970525055,0.6683330779028115,1.6242085841764802,"[0.6716154214216443, 0.5841119291657784, 0.4921989370576643, 0.44773313934145575, 0.3965819605934388, 0.3136176797802956, 0.25481650125483757, 0.21362827744036442, 0.15174984551321366]",75.3260909036029,41.68542845477885,29.80584423216353
C100,43,8,16,8,57.70700636942675,61.70700636942675,4.0,0.7509892212847684,0.5710186106593117,0.8969095704274462,5.400413251157671,"[0.9302874199663459, 0.9002859956777174, 0.8495214954521776, 0.8024665248038361, 0.7719286434354097, 0.7529547209621521, 0.73230160436366, 0.6869631057761802, 0.4333887491664872]",30.1081736326385,28.44444648552306,15.815023877938955
C100,43,8,32,24,57.70700636942675,77.04458598726114,19.337579617834393,0.7345592824248653,0.48856170658459064,0.9212736634712952,3.9723964516160106,"[0.8505410023846601, 0.8201212692426291, 0.7742144713809421, 0.7131186406029283, 0.6561830264339101, 0.5887177061324784, 0.531377576036078, 0.4630756297173381, 0.44098236529070756]",36.077573737185794,18.810077921416383,17.050202504210112
C100,43,8,64,56,57.70700636942675,79.7452229299363,22.038216560509554,0.6846074104137627,0.3902131205569534,0.9054994226972017,3.2569643591107353,"[0.8078272509371629, 0.7386286571494893, 0.6972320625263614, 0.670934693232751, 0.5850354604832084, 0.5497765785632048, 0.4735427975327506, 0.410140147721846, 0.2924769884377047]",22.516949111868865,23.78458924879614,20.858604374928337
C100,43,8,100,92,57.70700636942675,82.24203821656052,24.535031847133766,0.71238445383832,0.4248195249878674,0.9173303363502987,3.2826981627577836,"[0.7961404584232052, 0.7393270715393426, 0.6989089107620162, 0.6756466175383933, 0.5925038008760357, 0.5362892075436649, 0.49723034859031034, 0.4102697118307112, 0.3210231658146414]",16.018113453102288,36.23880979145434,19.493459120576507
C100,43,8,150,142,57.70700636942675,79.82165605095541,22.11464968152866,0.7025644119920345,0.4223836129350715,0.9157433903427378,3.2144968734457566,"[0.7930396858496706, 0.7549434483397085, 0.715876083979871, 0.6565091493961206, 0.5970385600677403, 0.5007105454894636, 0.46219205109050826, 0.40620075119479393, 0.2938976933090933]",18.248326149582294,20.308923765707622,18.720529374708054
C100,43,8,200,192,57.70700636942675,79.49044585987261,21.783439490445858,0.6306111527547549,0.32903157911004066,0.892853678613039,2.7948647925526107,"[0.7522029567140583, 0.6780848240909756, 0.6704792166188174, 0.609909686618252, 0.5617705767464071, 0.4711328878820362, 0.430403186818087, 0.3475625142846642, 0.32268450001679994]",19.368198208422285,26.331308126332917,21.028328556904363
C100,43,8,250,242,57.70700636942675,79.71974522292993,22.01273885350318,0.6570179430850991,0.35444053923417035,0.9057576263592041,2.8000892593900635,"[0.7491219475509059, 0.7036426048584163, 0.647771558379486, 0.6168152864074699, 0.5758190709512696, 0.48840094441302123, 0.4220662016939655, 0.3476508163792751, 0.27316571638491743]",28.972720926318036,36.2476133297131,24.314725427616757
C100,43,8,300,292,57.70700636942675,80.68789808917198,22.98089171974523,0.660296097718381,0.3520654866969447,0.9060546089508424,2.6586329305902474,"[0.7405413234544351, 0.696669946910618, 0.6265196447366677, 0.6179893149638738, 0.5255314652714367, 0.43498336888502, 0.4037640322750114, 0.3597114932041637, 0.30435702878137966]",20.320774485151915,37.23328650772963,22.48843711792859
C100,43,16,32,16,61.70700636942675,77.04458598726114,15.337579617834393,0.7391678822086744,0.5273807267997113,0.9336559752293396,5.2588187241398705,"[0.8934659311330405, 0.8748656863537462, 0.8384809243813466, 0.8149695746440504, 0.7700319831247932, 0.7580764802335515, 0.705071757016683, 0.6756080139946934, 0.4546648663614639]",28.564229085078512,33.8957508778416,20.640132307713554
C100,43,16,64,48,61.70700636942675,79.7452229299363,18.038216560509554,0.6983985049183247,0.4774657131939716,0.8892621109158283,4.788710413629989,"[0.8424257545165315, 0.8111234192640084, 0.7924334044209149, 0.7737240187531621, 0.7391902413437035, 0.7091215022428276, 0.679325295267424, 0.6332699734794648, 0.5317323282435431]",39.99253825477723,32.25511061607449,19.367396087440166
C100,43,16,100,84,61.70700636942675,82.24203821656052,20.535031847133766,0.731000701587241,0.5067247127830474,0.9079870427799226,4.774464178144525,"[0.8243312571909798, 0.8194580590807912, 0.768858779196952, 0.7509430086063109, 0.749340448324071, 0.7173406271713186, 0.693168027498375, 0.638848586127675, 0.5510656115370504]",24.395824924029792,35.78618437241477,17.250302770337306
C100,43,16,150,134,61.70700636942675,79.82165605095541,18.11464968152866,0.6905576051107497,0.4616420545936348,0.8882640902919577,4.429862150367221,"[0.8425059311973281, 0.8038736511199557, 0.768007192167424, 0.7454477551478885, 0.6976352520176057, 0.6684531781108424, 0.625282707741876, 0.5609272435558792, 0.5377389915891693]",36.80103873134925,35.923951429015226,16.36434317908815
C100,43,16,200,184,61.70700636942675,79.49044585987261,17.783439490445858,0.6661397663601463,0.4163561254316321,0.8932533789797018,4.068571172728922,"[0.7959893102131977, 0.7797699427136987, 0.7004459041941568, 0.6888977196753348, 0.6797474519824285, 0.6496894701323057, 0.6225307943445446, 0.5692949493284966, 0.5156861051101573]",30.11927929681729,30.066821809101196,18.245821199586494
C100,43,16,250,234,61.70700636942675,79.71974522292993,18.01273885350318,0.6880897910510612,0.429812238910541,0.9114826695379266,3.977235006727524,"[0.8021535430732635, 0.7595523494598163, 0.7132915907354683, 0.7029410914590121, 0.685933452535018, 0.6377643900655073, 0.5963545868871215, 0.5477637984336061, 0.470129520769676]",39.50979147678192,32.72384156847032,16.8420777968654
C100,43,16,300,284,61.70700636942675,80.68789808917198,18.98089171974523,0.6756885058458355,0.4140219675430503,0.9014541704108634,3.8135073072079435,"[0.7698429533865407, 0.7565351696278146, 0.7148791955074826, 0.6944175338245623, 0.6544652740830595, 0.5969715711378007, 0.5921986001813468, 0.5399987951018399, 0.4777425703214009]",28.856940750764036,36.84983453531164,18.612551660036523
C100,43,32,64,32,77.04458598726114,79.7452229299363,2.7006369426751604,0.88954892870027,0.7551894040926893,0.9793278717089514,7.015973104192197,"[0.9359898766897448, 0.9302892426750989, 0.9208965888593826, 0.9034944342219368, 0.8923027711202467, 0.8786431932306377, 0.8472361890907654, 0.834196829594555, 0.7925866847711908]",33.4029233221104,21.071780042658162,10.504722693106379
C100,43,32,100,68,77.04458598726114,82.24203821656052,5.197452229299373,0.8910736795843872,0.7395143953417096,0.9872596785682296,6.619786423805511,"[0.9175369305493555, 0.9069699793058479, 0.8993511214285714, 0.8806203994517015, 0.8675887555824225, 0.8393932681994165, 0.8364135288019383, 0.809931989338141, 0.7470772436291451]",24.091434180915872,33.7387429599006,9.29303766044607
C100,43,32,150,118,77.04458598726114,79.82165605095541,2.777070063694268,0.8548689333454674,0.6750980672849455,0.9786056188775881,6.013756308198921,"[0.8941010954029869, 0.8822974450325016, 0.8734848743820511, 0.855428957096763, 0.825716194752457, 0.8017427886047521, 0.7689366745752635, 0.7203153357183251, 0.7116457726560795]",29.75218531562451,17.646358277825048,10.855550172044317
C100,43,32,200,168,77.04458598726114,79.49044585987261,2.4458598726114644,0.8242195180332431,0.6256096223748601,0.9736331799481471,5.690688720628549,"[0.8645794812869916, 0.8631350020380886, 0.8453483420593355, 0.8178472677933671, 0.8080113734100042, 0.7818849490155313, 0.7452256186018188, 0.7300012486929489, 0.6798614107246872]",36.13014133246421,22.34341623499851,9.926533437183707
C100,43,32,250,218,77.04458598726114,79.71974522292993,2.6751592356687866,0.8151553862232247,0.5925652282662016,0.9793425386274957,5.240817950440119,"[0.8548936716398939, 0.8371923301276634, 0.8157285164695609, 0.7979447793878419, 0.7730743417527315, 0.7359494798084045, 0.7019849534313446, 0.671597775404891, 0.6510475082451102]",31.511103389883413,36.29715696775873,16.24423155506338
C100,43,32,300,268,77.04458598726114,80.68789808917198,3.643312101910837,0.8246779573873495,0.5993220820396035,0.9817473500100817,5.253397606102759,"[0.843680066205789, 0.8284922020028241, 0.8184561808108186, 0.7913976833325627, 0.7556349389815112, 0.729871631364224, 0.7207068333329513, 0.7107240981259884, 0.6563364743551978]",23.73664892184375,30.617199551975954,12.041109261284717
C100,43,64,100,36,79.7452229299363,82.24203821656052,2.496815286624212,0.964453769208458,0.9098692229865231,0.9959070085297418,8.25798465842009,"[0.9765362223259844, 0.9754912828808069, 0.9694137626618731, 0.9664467582300166, 0.9593946773870958, 0.9548552158967448, 0.9520085872961054, 0.9430809136857761, 0.9225440107818985]",18.528736512592058,33.222209957137686,5.112745778513721
C100,43,64,150,86,79.7452229299363,79.82165605095541,0.07643312101910738,0.9186247928343925,0.8042698705945638,0.9921371765521304,7.275414464376242,"[0.9429009359589493, 0.9391470112812426, 0.9248064350028136, 0.9199436192143449, 0.9154544648801876, 0.8919525261913747, 0.87534860439469, 0.8525110459213556, 0.8222806862062295]",7.8711566433871045,17.857411245090944,6.642949213016027
C100,43,64,200,136,79.7452229299363,79.49044585987261,0.254777070063696,0.9044958319181156,0.7823123793773714,0.9901958265274308,7.006301246825251,"[0.9260417007168122, 0.9223927282369204, 0.9210303742681206, 0.8989081849336578, 0.8939035655151246, 0.8780076211371479, 0.8609131947202988, 0.8314724526746282, 0.7994547262812187]",32.935421702606384,22.904156966492334,6.162030135177872
C100,43,64,250,186,79.7452229299363,79.71974522292993,0.025477707006373862,0.8839322543967087,0.7325218727809087,0.9860210340160178,6.597802625245954,"[0.9152716427404413, 0.8936177831491725, 0.8881647312067501, 0.8720836034248445, 0.86514730395639, 0.8364542642275268, 0.8268743493015882, 0.8076345264672898, 0.7924840630550969]",22.888830450920846,35.43463533695498,9.442028411587753
C100,43,64,300,236,79.7452229299363,80.68789808917198,0.9426751592356766,0.8970538271470276,0.7508696308359553,0.991645711850718,6.724382282884859,"[0.911415761509068, 0.9030046222348893, 0.9014185145894765, 0.873268973675484, 0.8686738964191226, 0.8520596126193146, 0.8401034002711526, 0.8300364615707091, 0.7923370706273093]",15.642045109802764,36.785994277421295,5.059299691604485
C100,43,100,150,50,82.24203821656052,79.82165605095541,2.4203821656051048,0.9492800867522273,0.8773397336260689,0.9951204933439378,7.896806608208936,"[0.968395694445842, 0.9610545345005768, 0.9574109326999692, 0.9465432361151848, 0.9402348105274855, 0.9350028877851977, 0.9134365958278511, 0.9086746777840032, 0.8969296478971966]",14.877352607230616,25.367313517841907,5.135770595522535
C100,43,100,200,100,82.24203821656052,79.49044585987261,2.751592356687908,0.9227600626512424,0.8236559020366606,0.9921234456913224,7.362222718996218,"[0.9409822246714331, 0.9371093073975597, 0.927993900508373, 0.9156189760921446, 0.9125174761444494, 0.9017664968269267, 0.8791800465666652, 0.8658141413976664, 0.8547560402144162]",22.149429018006995,34.55149182690259,5.049305215298277
C100,43,100,250,150,82.24203821656052,79.71974522292993,2.522292993630586,0.9250556563091028,0.823373935098477,0.9922232443985906,7.351283422144701,"[0.9372514381456121, 0.931921797921675, 0.9196025087021159, 0.9116882126745638, 0.9038902841297903, 0.89956954642768, 0.8827241707277947, 0.8809093973175944, 0.8637559914595643]",23.129853646275876,9.097209973659997,8.118385487390029
C100,43,100,300,200,82.24203821656052,80.68789808917198,1.5541401273885356,0.9379607507204563,0.8434947198272341,0.9968468874427909,7.464879511692955,"[0.941218320800686, 0.9340818035120311, 0.9310805653978467, 0.9187135466999147, 0.9157043783386991, 0.9059895474128717, 0.8921127386130775, 0.8885964545699564, 0.8664483841973671]",6.300325944718516,10.69413425773137,4.232659494980291
C100,43,150,200,50,79.82165605095541,79.49044585987261,0.33121019108280336,0.8862996861991784,0.7454204421473689,0.9891410504254201,6.725568791455733,"[0.9221147202591998, 0.9034754393108471, 0.896975365358884, 0.8874157448050441, 0.8822076207966973, 0.8602150598989184, 0.8518565329183377, 0.8145455421145874, 0.7480171296082999]",29.645086324794743,25.041966950015922,6.95971242682096
C100,43,150,250,100,79.82165605095541,79.71974522292993,0.10191082802548124,0.8958325400285155,0.7644178925749998,0.9885141678912736,6.893236493260741,"[0.9290570726133086, 0.9150512747794572, 0.9016303851435236, 0.8896389208684452, 0.8740113895558338, 0.8679302916987036, 0.8360243156278779, 0.8312449009193364, 0.8253921557220031]",24.347024404212114,28.181987528480278,11.568264014704607
C100,43,150,300,150,79.82165605095541,80.68789808917198,0.8662420382165692,0.90346694725714,0.7733406960170991,0.9923275019500246,6.911786487311123,"[0.9270440034737749, 0.9071928067546643, 0.9034098149019539, 0.8923745741393021, 0.8852707761597889, 0.8665231500693066, 0.849058459341047, 0.8375814231906057, 0.8123335617185634]",13.652484265813957,32.37027559494658,7.935513996042272
C100,43,200,250,50,79.49044585987261,79.71974522292993,0.22929936305732213,0.9064858113087128,0.7889804340667087,0.9922844091508799,7.104345463434324,"[0.9252249205006909, 0.9247772541425264, 0.9144136272344678, 0.9109289354663642, 0.9043531094766507, 0.8890459972257292, 0.8736095480248962, 0.848805815566556, 0.7970101920643142]",23.6955863805892,36.27510945847544,9.574766604214537
C100,43,200,300,100,79.49044585987261,80.68789808917198,1.1974522292993726,0.9187162014647156,0.8151503602945616,0.9929222119619733,7.306922189442257,"[0.9387545597725376, 0.9347073900880272, 0.9210933983555866, 0.9152415000858143, 0.9096455220293939, 0.8908491928175025, 0.8811069157931146, 0.8651241850592191, 0.8485561832696896]",25.905932510150308,25.83480893626421,5.7076643578141075
C100,43,250,300,50,79.71974522292993,80.68789808917198,0.9681528662420504,0.9655559119814926,0.9205160067291561,0.995503320041347,8.287950235207168,"[0.9762258889197996, 0.9732397905926339, 0.9677251593182241, 0.9655154325880854, 0.9569455123213112, 0.9544912370348356, 0.9523993383452483, 0.9505973065643573, 0.9388969860521529]",20.82006519024056,12.505438343464064,5.833725944731946
C100,44,4,8,4,39.261146496815286,57.78343949044586,18.522292993630572,0.5994282180340967,0.5743954039378609,0.6640803451234218,5.3945610165474935,"[0.9738839852465095, 0.9299799944504022, 0.8813939171722955, 0.8046929639747866, 0.7931754336617298, 0.7497808180996178, 0.695872296472959, 0.523119570523223, 0.4557096931528803]",83.04789889935944,15.581693471686199,14.368357210984664
C100,44,4,16,12,39.261146496815286,70.24203821656052,30.98089171974523,0.45962415897276127,0.4150468206346819,0.5593016884561061,3.5840589001126966,"[0.8737387976784977, 0.821671362972117, 0.7680337411574144, 0.7261689383556529, 0.6320122903015406, 0.5218537124414576, 0.5118834507510186, 0.23960558971058543, 0.19259307405066606]",80.25652236602924,25.582543515007597,23.94612794618077
C100,44,4,32,28,39.261146496815286,76.68789808917198,37.426751592356695,0.41627948919123453,0.2878022924456423,0.6068560324469237,2.4581805713712246,"[0.7879179159175854, 0.721805861272535, 0.6022418921321879, 0.5983659746621629, 0.5006819057590759, 0.45826535654866946, 0.32643991645087433, 0.1423263514604469, 0.09008759275201915]",74.78919696047657,25.549742699315882,26.205461608003425
C100,44,4,64,60,39.261146496815286,81.27388535031847,42.01273885350318,0.40018456589879625,0.2569818024302144,0.6065787334698263,1.8720721790608614,"[0.7208549164796418, 0.653732364829006, 0.571581428749713, 0.5069628374127524, 0.3713473437806701, 0.3368359793249028, 0.23138515369484533, 0.14179647786031055, 0.1278868962373053]",83.3285981164101,31.133129049890062,25.513710189068213
C100,44,4,100,96,39.261146496815286,82.26751592356688,43.00636942675159,0.38759411990363385,0.23639449249007932,0.6064595517896312,1.7557848399750628,"[0.6731141894083439, 0.6586657513852932, 0.5487943000323795, 0.470347082150028, 0.3614548545596803, 0.34437324267982666, 0.2528654146012552, 0.1442806312284919, 0.11162273021857305]",86.27327080554706,31.88050595019766,27.278751850046472
C100,44,4,150,146,39.261146496815286,79.87261146496816,40.61146496815287,0.3685464111816849,0.21982584513499856,0.5874030227076789,1.6167745108371556,"[0.6589610479307281, 0.6291045352743939, 0.5285154504769921, 0.4208027000257649, 0.359388236270627, 0.33125565061292855, 0.25731353591317596, 0.1363102617268217, 0.08177948675326183]",87.28238604870455,27.25340931582191,27.617303064384906
C100,44,4,200,196,39.261146496815286,79.03184713375796,39.77070063694268,0.33580630030543035,0.18773012609692966,0.5695464474335223,1.5169933627884067,"[0.6237980725287169, 0.6120701633998622, 0.4978206375910311, 0.4515063581736496, 0.38714071081939017, 0.30331561904950366, 0.1762261590735982, 0.13349584983774232, 0.103927706084071]",81.69949567934623,35.69454220217895,26.56146392977242
C100,44,4,250,246,39.261146496815286,79.79617834394904,40.53503184713375,0.36822573712572765,0.20480187039494413,0.6119275063118126,1.5390376677745774,"[0.6512893129648722, 0.6180009689791844, 0.5058444830044587, 0.4306662805890768, 0.352605515760083, 0.3101262593683036, 0.21387359070905146, 0.12964040842951324, 0.09233157594165217]",87.22926213647415,28.530277126503005,26.82620594100579
C100,44,4,300,296,39.261146496815286,80.48407643312102,41.22292993630573,0.36908901837436736,0.19993424735133822,0.6241616297298234,1.4550871877478382,"[0.626419468460143, 0.611533856762591, 0.4781653159229255, 0.43037524547713885, 0.35048960667022355, 0.29784495383435106, 0.19881294704242017, 0.11311182013738495, 0.10474638594683491]",89.01529102480205,39.68021124188712,27.36386800744201
C100,44,8,16,8,57.78343949044586,70.24203821656052,12.458598726114658,0.7905341793396782,0.657248776443287,0.9050115476415334,5.672341250091483,"[0.9323322194423646, 0.8860067423764872, 0.8750357042017758, 0.8610883565127864, 0.8379777989488453, 0.8056268784955674, 0.715270762749161, 0.653493913595578, 0.4701289990618312]",27.425804766787824,16.829511729352788,14.550106886549031
C100,44,8,32,24,57.78343949044586,76.68789808917198,18.904458598726123,0.7577169893603981,0.5251089992856165,0.9334558594932585,4.0912722824977426,"[0.8687343570673163, 0.8378006855982325, 0.7931133696225103, 0.7330063776777093, 0.6813934158873693, 0.6528679815883941, 0.5274741215816888, 0.4122701173583392, 0.36000910622725585]",28.84979083304939,24.44132206870681,18.823328416713082
C100,44,8,64,56,57.78343949044586,81.27388535031847,23.490445859872608,0.6970057231486044,0.4349334192268805,0.902216899721004,3.1854686070940206,"[0.785983213051506, 0.7723615023528094, 0.7454728819222696, 0.6454440028697405, 0.5772223243611765, 0.5210211140966439, 0.4454908552533804, 0.33621635337490474, 0.2875356944624809]",28.364643831571765,24.110282787776413,19.333758984491386
C100,44,8,100,92,57.78343949044586,82.26751592356688,24.484076433121018,0.6895907716781252,0.41833620872457905,0.9048078546432385,3.0331271937505577,"[0.7696552748863295, 0.7466350784450974, 0.7312849135457682, 0.6165032433804255, 0.5810527045791082, 0.49827721136920605, 0.4512543010478594, 0.3440735954181949, 0.24600940876417526]",20.222440075447587,21.845444586819738,19.584337114422837
C100,44,8,150,142,57.78343949044586,79.87261146496816,22.0891719745223,0.6751587449219301,0.3959314534519525,0.9082000643065886,2.8342264008827507,"[0.7603873030251251, 0.732838706912104, 0.7173169916995809, 0.6189818884011756, 0.5231678844342099, 0.47689402054061975, 0.44048227521682287, 0.2838477731462114, 0.2134853623827275]",23.93890365318103,20.940799062326207,19.80619329304966
C100,44,8,200,192,57.78343949044586,79.03184713375796,21.248407643312106,0.6608623529320498,0.38499609744146607,0.8958574503128517,2.724264409485973,"[0.7495896203046204, 0.7242265377061713, 0.6682248797824497, 0.6122276081677533, 0.5342513956726449, 0.48563690139693727, 0.415894483387347, 0.28961623012987886, 0.19599760889700454]",20.535326383571054,34.70840658892045,19.732221834868998
C100,44,8,250,242,57.78343949044586,79.79617834394904,22.01273885350318,0.6427769058927751,0.3531113484332775,0.8938507628895306,2.5774529088886,"[0.7212068161458185, 0.6994131660472371, 0.6801247990143616, 0.594812116571853, 0.48933430096325076, 0.44906617586341374, 0.43003195799402383, 0.2998976962787039, 0.1891799741118129]",12.1558262463643,21.359647749098258,19.97054779947195
C100,44,8,300,292,57.78343949044586,80.48407643312102,22.70063694267516,0.6342865957775905,0.34744027157039903,0.8880969815755954,2.4941805257866068,"[0.7074603779905978, 0.6858571801804454, 0.6762340157059289, 0.5885343209083972, 0.5130656355324075, 0.4246149348143545, 0.3801371579601392, 0.2911904175726663, 0.21629810329781823]",22.0855198190395,32.76075142748994,21.096878931252498
C100,44,16,32,16,70.24203821656052,76.68789808917198,6.445859872611464,0.8008996776098699,0.5942543977710041,0.9341019687438266,5.6766492418773415,"[0.9180307956793057, 0.8725395780269753, 0.8554621440219818, 0.843880354607073, 0.8302792752684244, 0.80964581821621, 0.770764829262413, 0.6820115413766242, 0.4737991785532493]",44.77888149394199,24.011205676602938,14.677050199729166
C100,44,16,64,48,70.24203821656052,81.27388535031847,11.03184713375795,0.7983617931071675,0.5592324093824207,0.9492987277769772,4.956566688958104,"[0.8458157836838589, 0.8341972860413315, 0.8171942179121761, 0.7806045768740636, 0.7478604449971404, 0.7331748076556538, 0.6717200393212861, 0.621346520059444, 0.5779338100308846]",42.147814495482805,22.115723026710683,13.09570090972278
C100,44,16,100,84,70.24203821656052,82.26751592356688,12.02547770700636,0.7844818826940337,0.5354091181761537,0.9465007029021398,4.820744390281926,"[0.8407918398451032, 0.8141306590934803, 0.7924120513233208, 0.7578260072591184, 0.7393815935976978, 0.722983615555868, 0.6672164840010685, 0.6236617760729857, 0.5875928259641467]",34.67562086909744,21.36972380500718,15.008641708727747
C100,44,16,150,134,70.24203821656052,79.87261146496816,9.630573248407643,0.7631145389971038,0.49745159282035756,0.9505511023409065,4.442338448489459,"[0.8370303748949492, 0.803896524674225, 0.7803714758633307, 0.7576061472332367, 0.6986152368805583, 0.6702750233631131, 0.6129218074052967, 0.6055206729445082, 0.48255774725978157]",37.917858445400945,13.870496131011059,12.539693346118606
C100,44,16,200,184,70.24203821656052,79.03184713375796,8.789808917197448,0.7582875940484364,0.48794803483613836,0.9517116096892869,4.268431377557786,"[0.8199190516650433, 0.7839807591321625, 0.7737681863536232, 0.7233422234741214, 0.6780294545463581, 0.6656280162915235, 0.606554949107516, 0.5997268182295297, 0.478781115977251]",26.58448762730895,25.179230261768595,16.01019671944879
C100,44,16,250,234,70.24203821656052,79.79617834394904,9.554140127388521,0.7299354787635719,0.44989886963223136,0.9322831086962662,3.9619293246582368,"[0.7766878327322518, 0.7632651232604802, 0.760272932452314, 0.7122344145211246, 0.6638733536780878, 0.6178502306221674, 0.5486003325567271, 0.5431545908139179, 0.521893592701563]",31.880331331952,20.16997070647744,17.13773701008767
C100,44,16,300,284,70.24203821656052,80.48407643312102,10.242038216560502,0.711795271772318,0.43152569914689315,0.9229720810451641,3.879778561603566,"[0.7724294900607067, 0.7555359534220757, 0.7388893821133582, 0.69482801034568, 0.6601083796361342, 0.6386821943750624, 0.5633294512638302, 0.5149145553508887, 0.5073638697847158]",31.055024227134112,36.04517930470789,17.20414116060827
C100,44,32,64,32,76.68789808917198,81.27388535031847,4.585987261146485,0.9040462514199638,0.7665365328624131,0.9817267923604146,6.857711297248149,"[0.927210724065606, 0.9200034632591941, 0.9135177565173015, 0.9036747323040349, 0.8703447707175509, 0.862865088383774, 0.8307674884094257, 0.8282714189786823, 0.788795373197517]",22.238731896373327,28.896642964052656,8.745775951962251
C100,44,32,100,68,76.68789808917198,82.26751592356688,5.579617834394895,0.8917039887695711,0.730444189927959,0.985058305074898,6.516517269341573,"[0.9119672928913726, 0.9032825010139626, 0.8892565626091444, 0.8856189315298407, 0.858273460860819, 0.8490570599185108, 0.8079376075613172, 0.7942137616101914, 0.7434686421860971]",18.698595197740403,28.732791913167414,8.918690459482784
C100,44,32,150,118,76.68789808917198,79.87261146496816,3.1847133757961785,0.8595743897168634,0.6769185258434807,0.9741091552159682,5.942634776871106,"[0.9061753555805421, 0.8928480599517863, 0.8701151517207095, 0.8414020462162304, 0.8001080310410649, 0.7898781379427896, 0.7639504480055491, 0.7200853570551248, 0.7021552680352394]",25.75114818724458,21.500832214778427,11.337010896120969
C100,44,32,200,168,76.68789808917198,79.03184713375796,2.343949044585983,0.8317853855558931,0.624773432824225,0.9715455381124085,5.52906601640597,"[0.8725552129364955, 0.8578997629099379, 0.8432045930970042, 0.8154923145707847, 0.8026402167546838, 0.797070238138443, 0.7180550381462535, 0.6656782276989174, 0.6460780834549491]",32.3516362398055,23.39512948950026,13.302500176768046
C100,44,32,250,218,76.68789808917198,79.79617834394904,3.108280254777057,0.822724639617172,0.6001710705626502,0.9734410455553039,5.248844662573946,"[0.8524528582229778, 0.8321321425201282, 0.8186277183027332, 0.8076911445941761, 0.7623635324377198, 0.7374100302360885, 0.6972709457171736, 0.6802428126884105, 0.6582703046603453]",23.69743985085089,22.70242712006271,12.322659727553965
C100,44,32,300,268,76.68789808917198,80.48407643312102,3.7961783439490375,0.8159558552648798,0.5816093806260938,0.9756158287764405,5.089414608378666,"[0.8395014183646995, 0.8195615169035151, 0.817588357727086, 0.7847202450847516, 0.7571734764846574, 0.7396326470938251, 0.6857392432988416, 0.6668196693605385, 0.627279366655194]",25.3948655831925,38.19345081059298,11.713922906953112
C100,44,64,100,36,81.27388535031847,82.26751592356688,0.9936305732484101,0.9763418491453482,0.9333422897313457,0.998671065590733,8.399143325153924,"[0.9794142213243647, 0.9778146283389451, 0.9740498365474883, 0.9716297923556044, 0.969982824199501, 0.9672101706519057, 0.9571457188169972, 0.9534876385681588, 0.9430288044117111]",9.83745736698537,8.034233899689637,5.322821029216242
C100,44,64,150,86,81.27388535031847,79.87261146496816,1.4012738853503066,0.9347569929009362,0.8352014965737057,0.9919368092322808,7.443331434342076,"[0.9486084474086067, 0.944185832327926, 0.9336907482708033, 0.9254777848744605, 0.9200293126954964, 0.9018586743045621, 0.8802642852542776, 0.8750485086143788, 0.8504827506868651]",11.981332744435122,17.758106632769216,7.541406586234439
C100,44,64,200,136,81.27388535031847,79.03184713375796,2.242038216560502,0.9034181450471016,0.7654922686936257,0.9889525673055326,6.907470357943849,"[0.9215648457001439, 0.9135047258244334, 0.9043906593935775, 0.8925720325802142, 0.8852445916078119, 0.8625899924142927, 0.8567480959098679, 0.8328685049259216, 0.8085070701857381]",23.821030029391398,30.77670435737338,7.733541607642027
C100,44,64,250,186,81.27388535031847,79.79617834394904,1.4777070063694282,0.9070305537088094,0.765829019608215,0.9946276051835055,6.777460139358478,"[0.9066824762063035, 0.8972191023041947, 0.8921327587029698, 0.881402134714118, 0.8731746465064989, 0.8630813269080401, 0.8461852113957813, 0.8265775701455258, 0.8191526691149011]",19.921196891484605,17.10984711279353,5.37910772692613
C100,44,64,300,236,81.27388535031847,80.48407643312102,0.7898089171974476,0.9052482213064091,0.7661871892621747,0.9930897698975735,6.778715761071906,"[0.9064967859371593, 0.904531447575251, 0.8860548311316826, 0.8811680903571145, 0.8754035171372747, 0.8669554561299421, 0.8421192314194956, 0.8296450246464748, 0.8135312432184337]",15.062652166931427,16.952008518168743,5.479702085750377
C100,44,100,150,50,82.26751592356688,79.87261146496816,2.3949044585987167,0.9500245484602737,0.8809648724232841,0.9907997847478073,7.929131414645536,"[0.9667607888027515, 0.9575023510293432, 0.9551481396035333, 0.9496306136917209, 0.9438253487998264, 0.9392972750875315, 0.9287409456195478, 0.9176485617172322, 0.8864895271167739]",11.64446589159305,16.773470204951337,9.282365305165227
C100,44,100,200,100,82.26751592356688,79.03184713375796,3.235668789808912,0.9235343428196506,0.8194489419635462,0.9892440819745116,7.361085084477028,"[0.9424712829941526, 0.9387615445523115, 0.930148718117085, 0.9191345983839807, 0.9120330260395102, 0.9007615076848391, 0.8771566274468845, 0.8592924526791061, 0.8547583736343782]",17.209110426215616,32.034132706283565,7.428664031481782
C100,44,100,250,150,82.26751592356688,79.79617834394904,2.4713375796178383,0.9311791212030305,0.8267182221015442,0.9952313577415849,7.326642433784405,"[0.928273545088355, 0.9262418436140416, 0.9239705140703015, 0.9101858921853065, 0.9066450134005014, 0.9026999089988802, 0.8840490034287627, 0.8726573599785317, 0.8630880735989772]",12.11029868555544,16.134888658679735,6.911004572995241
C100,44,100,300,200,82.26751592356688,80.48407643312102,1.7834394904458577,0.9347820654377352,0.8394788473229816,0.9949810404653145,7.433467103340784,"[0.9348573127672416, 0.9304096287731938, 0.9258043963522911, 0.919281131782414, 0.9127096744730836, 0.9052131908855758, 0.8873741855878226, 0.8869808344984845, 0.8746641837818965]",9.415562783745074,15.925852920981074,4.302217536111174
C100,44,150,200,50,79.87261146496816,79.03184713375796,0.8407643312101953,0.9086057204777351,0.7837580827423252,0.9905345663442238,6.993168216037029,"[0.9334628397772015, 0.9277804584156337, 0.9177100632746842, 0.895812903150034, 0.891194883408467, 0.8764091032865867, 0.8508832414602209, 0.8457212070671449, 0.7840907848396632]",20.94689221181921,24.318780558123446,9.077262643978784
C100,44,150,250,100,79.87261146496816,79.79617834394904,0.07643312101912159,0.9051297256804146,0.7756761498105635,0.9892224259320497,6.943750415991481,"[0.9212771230243346, 0.9073511050062171, 0.8999563702636716, 0.89545986408369, 0.8746659515216051, 0.874274383815361, 0.8625673606229024, 0.8449881894176415, 0.8200727391215676]",18.232845671205897,11.427424149064569,9.624892423750811
C100,44,150,300,150,79.87261146496816,80.48407643312102,0.611464968152859,0.9045734901207536,0.7789550722652123,0.9871388429924817,6.943687742411262,"[0.9217209777658157, 0.9113128967042735, 0.8988720031172739, 0.8926114205186143, 0.8812523675097035, 0.8730461859100505, 0.8570882378982192, 0.8420722116461683, 0.8224352404208803]",14.7758720005473,28.606133416925957,10.059095444352582
C100,44,200,250,50,79.03184713375796,79.79617834394904,0.7643312101910738,0.9146104863812471,0.8025702415635448,0.987936000279829,7.2659072663450885,"[0.9309672728909472, 0.9275718863652337, 0.9184109963389643, 0.9160016423337688, 0.9110165910553482, 0.9014781373056924, 0.886668376695702, 0.8557420382529455, 0.8337808611006172]",15.711972655671548,21.0004952457669,7.287280562079799
C100,44,200,300,100,79.03184713375796,80.48407643312102,1.4522292993630543,0.9177215805286472,0.8147669753223192,0.9859063661524868,7.3532786001869335,"[0.9394666222974672, 0.9342627337922654, 0.9255447987472484, 0.9151520749262143, 0.9121249552065729, 0.8940362302983139, 0.8791804157419272, 0.875498074226954, 0.8561366239667705]",11.993113625497218,38.4778457608679,6.98705556658665
C100,44,250,300,50,79.79617834394904,80.48407643312102,0.6878980891719806,0.9657997101407185,0.9216657496642697,0.9943132748463266,8.308080493039128,"[0.9742172094948008, 0.9709905983979382, 0.9691128077449184, 0.9629282973271501, 0.9621977785419809, 0.9614911281106111, 0.9560997984043657, 0.9518680308950314, 0.9376986255946577]",15.05627267085755,25.710615493179148,4.945286573681274
